{
  "accuracy": 0.8342739118082909,
  "best_iteration": 500,
  "classification_report": {
    "benign": {
      "precision": 0.9641723228018683,
      "recall": 0.798028521040399,
      "f1-score": 0.8732682378201524,
      "support": 85621.0
    },
    "defacement": {
      "precision": 0.8520355152545575,
      "recall": 0.9351544681733361,
      "f1-score": 0.8916621361142688,
      "support": 19292.0
    },
    "phishing": {
      "precision": 0.5116227514568026,
      "recall": 0.858304112209117,
      "f1-score": 0.6410968689233699,
      "support": 18822.0
    },
    "malware": {
      "precision": 0.9258532165508909,
      "recall": 0.942650676506765,
      "f1-score": 0.9341764436995277,
      "support": 6504.0
    },
    "accuracy": 0.8342739118082909,
    "macro avg": {
      "precision": 0.8134209515160298,
      "recall": 0.8835344444824043,
      "f1-score": 0.8350509216393297,
      "support": 130239.0
    },
    "weighted avg": {
      "precision": 0.8802461655823265,
      "recall": 0.8342739118082909,
      "f1-score": 0.8454814193675714,
      "support": 130239.0
    }
  },
  "confusion_matrix": [
    [
      68328,
      2419,
      14507,
      367
    ],
    [
      554,
      18041,
      683,
      14
    ],
    [
      1874,
      683,
      16155,
      110
    ],
    [
      111,
      31,
      231,
      6131
    ]
  ],
  "feature_importance": [
    [
      "digit_ratio",
      1401208.1438622475
    ],
    [
      "path_entropy",
      792950.4857501984
    ],
    [
      "domain_entropy",
      781264.52864182
    ],
    [
      "dot_count",
      674092.9315097332
    ],
    [
      "eq_count",
      640952.3790234327
    ],
    [
      "digit_count",
      589692.7569321394
    ],
    [
      "tld_length",
      536678.2780345678
    ],
    [
      "domain_length",
      528019.1671987772
    ],
    [
      "subdomain_count",
      453307.664978981
    ],
    [
      "path_length",
      449966.369612813
    ],
    [
      "slash_count",
      393159.70147794485
    ],
    [
      "letter_count",
      355657.84907853603
    ],
    [
      "url_length",
      345907.86282479763
    ],
    [
      "hyphen_count",
      327380.28109431267
    ],
    [
      "query_param_count",
      246566.5413674116
    ],
    [
      "suspicious_keyword_count",
      239563.46060073376
    ],
    [
      "query_length",
      197904.60772168636
    ],
    [
      "has_ip",
      173390.42879951
    ],
    [
      "underscore_count",
      170738.03273683786
    ],
    [
      "path_depth",
      152772.75295174122
    ],
    [
      "percent_count",
      92049.35710942745
    ],
    [
      "question_count",
      48859.59239935875
    ],
    [
      "is_shortened",
      41198.93125116825
    ],
    [
      "amp_count",
      40459.35986351967
    ],
    [
      "risky_tld",
      36037.58048295975
    ],
    [
      "at_count",
      12323.432299256325
    ],
    [
      "has_hex_chars",
      6501.340347766876
    ],
    [
      "hash_count",
      4811.380550026894
    ],
    [
      "has_port",
      3141.9780431985855
    ],
    [
      "has_double_slash",
      2737.5887056589127
    ],
    [
      "has_at",
      586.4797984361649
    ]
  ]
}