{
  "accuracy": 0.7947619376684403,
  "best_iteration": 500,
  "classification_report": {
    "benign": {
      "precision": 0.8764415355447948,
      "recall": 0.8476775557398302,
      "f1-score": 0.8618196067255628,
      "support": 85621.0
    },
    "defacement": {
      "precision": 0.6775798975359844,
      "recall": 0.7198320547377152,
      "f1-score": 0.6980672078819715,
      "support": 19292.0
    },
    "phishing": {
      "precision": 0.558658399648489,
      "recall": 0.6079587716501966,
      "f1-score": 0.5822668871644829,
      "support": 18822.0
    },
    "malware": {
      "precision": 0.8682170542635659,
      "recall": 0.8610086100861009,
      "f1-score": 0.8645978076269878,
      "support": 6504.0
    },
    "accuracy": 0.7947619376684403,
    "macro avg": {
      "precision": 0.7452242217482086,
      "recall": 0.7591192480534606,
      "f1-score": 0.7516878773497513,
      "support": 130239.0
    },
    "weighted avg": {
      "precision": 0.8006482253185234,
      "recall": 0.7947619376684403,
      "f1-score": 0.7973014274750592,
      "support": 130239.0
    }
  },
  "confusion_matrix": [
    [
      72579,
      4954,
      7460,
      628
    ],
    [
      3905,
      13887,
      1411,
      89
    ],
    [
      5725,
      1521,
      11443,
      133
    ],
    [
      602,
      133,
      169,
      5600
    ]
  ],
  "feature_importance": [
    [
      "url_length",
      1424946.983315736
    ],
    [
      "domain_digit_count",
      1022323.1823261678
    ],
    [
      "domain_length",
      1021205.6564460695
    ],
    [
      "subdomain_count",
      805882.4847373068
    ],
    [
      "path_depth",
      801330.6754868627
    ],
    [
      "suspicious_keyword_count",
      229529.2440535426
    ],
    [
      "has_ip",
      201626.17549055815
    ],
    [
      "domain_hyphen_count",
      170935.86562916636
    ],
    [
      "has_hex_chars",
      80563.73787224293
    ],
    [
      "risky_tld",
      48396.11529660225
    ],
    [
      "has_at",
      19357.32408940792
    ],
    [
      "is_shortened",
      1903.785010933876
    ]
  ]
}